{
  "drive": {
    "p": 0.00184,
    "i": 0.0,
    "d": 0.0044,
    "f": 0.0,
    "iz": 0
  },
  "angle": {
    "p": 0.00752,
    "i": 0.0,
    "d": 0.0782,
    "f": 0.0,
    "iz": 0
  }
}